tag,release_datetime
ff9c30b,2024-03-13T10:43:08
2bbfe7c,2024-03-13T11:19:27
b63e260,2024-03-13T15:51:17
v1.0.1,2024-03-13T16:14:42
66cc0cf,2024-04-16T13:27:43
c0b6419,2024-04-18T08:43:09
49951fe,2024-04-18T09:06:11
v1.0.2,2024-04-18T11:45:55
v1.0.3,2024-04-30T13:11:47
v1.0.4,2024-05-17T09:24:51
v1.0.5,2024-05-21T09:22:41
v1.0.6,2024-05-23T10:05:16
v1.0.7,2024-06-04T13:16:51
v1.0.8,2024-06-13T09:16:48
v1.0.9,2024-06-20T07:46:03
e9f6a05,2024-06-26T14:43:52
v1.0.10,2024-06-27T08:04:31
v1.0.11,2024-07-04T08:03:38
